{
  "project_info": {
    "project_number": "140586013685",
    "firebase_url": "https://ichattingapps-1fef0.firebaseio.com",
    "project_id": "ichattingapps-1fef0",
    "storage_bucket": "ichattingapps-1fef0.appspot.com"
  },
  "client": [
    {
      "client_info": {
        "mobilesdk_app_id": "1:140586013685:android:cc4d3f79f24253e19906bc",
        "android_client_info": {
          "package_name": "com.permogramanmobile.chatsederhana"
        }
      },
      "oauth_client": [
        {
          "client_id": "140586013685-1durb4dcikvvdm8bk1j5tec108hpd9s8.apps.googleusercontent.com",
          "client_type": 1,
          "android_info": {
            "package_name": "com.permogramanmobile.chatsederhana",
            "certificate_hash": "4e7d975a303f02252919a79f85354f9c654d929e"
          }
        },
        {
          "client_id": "140586013685-i66toj5dm23il18se5e6e1rov20cdmda.apps.googleusercontent.com",
          "client_type": 3
        }
      ],
      "api_key": [
        {
          "current_key": "AIzaSyD1pmmtL_hkwhAbNHi5zkGnWo5YwCOdN8E"
        }
      ],
      "services": {
        "appinvite_service": {
          "other_platform_oauth_client": [
            {
              "client_id": "140586013685-i66toj5dm23il18se5e6e1rov20cdmda.apps.googleusercontent.com",
              "client_type": 3
            }
          ]
        }
      }
    }
  ],
  "configuration_version": "1"
}